INSERT INTO webshop.custom_user (id, email, enabled, password, username) VALUES (1, 'backend.admin@progmasters.hu', true, '$2a$12$/g8p/i8At7kLY.VBFvgdNeAOW8pqR.mQC6toCZvPcJhGqQbYigK12', 'admin');
INSERT INTO webshop.custom_user (id, email, enabled, password, username) VALUES (2, 'backend.user@progmasters.hu', true, '$2a$12$eyzSJMXSnSW5qq/CvJIEge9jS2b3w4ldlQul6xacpK/.dv4xTmGj2', 'user');
INSERT INTO webshop.custom_user (id, email, enabled, password, username) VALUES (3, 'ortaqbhnfjhptlwfuv@kvhrs.com', true, '$2a$10$G1QZ/f9ClmBaD1ZqSuXk0ul4x4vqoUBvT.UPc5t1ywoJiniXlklFm', 'exampleUser');

INSERT INTO webshop.confirmation_token_sequence (next_val) VALUES (2);

INSERT INTO webshop.user_role (custom_user_id, roles) VALUES (1, 'ROLE_CUSTOMER');
INSERT INTO webshop.user_role (custom_user_id, roles) VALUES (1, 'ROLE_ADMIN');
INSERT INTO webshop.user_role (custom_user_id, roles) VALUES (2, 'ROLE_CUSTOMER');
INSERT INTO webshop.user_role (custom_user_id, roles) VALUES (3, 'ROLE_CUSTOMER');

INSERT INTO webshop.category (id, name) VALUES (1, 'WOODWIND');
INSERT INTO webshop.category (id, name) VALUES (2, 'BRASS INSTRUMENTS');
INSERT INTO webshop.category (id, name) VALUES (3, 'PERCUSSION INSTRUMENTS');
INSERT INTO webshop.category (id, name) VALUES (4, 'KEYBOARD INSTRUMENTS');
INSERT INTO webshop.category (id, name) VALUES (5, 'GUITAR FAMILY');
INSERT INTO webshop.category (id, name) VALUES (6, 'BOWED STRINGS');
INSERT INTO webshop.category (id, name) VALUES (7, 'MISC');
INSERT INTO webshop.category (id, name) VALUES (14, 'TRADITIONAL');


INSERT INTO webshop.product (id, description, name, price) VALUES (1, 'The viola is similar in material and construction to the violin. A full-size viola''s body is between 25 mm (1 in) and 100 mm (4 in) longer than the body of a full-size violin (i.e., between 38 and 46 cm [15–18 in]), with an average length of 41 cm', 'Viola made of birch', 90000);
INSERT INTO webshop.product (id, description, name, price) VALUES (3, 'he bass is a transposing instrument and is typically notated one octave higher than tuned to avoid excessive ledger lines below the staff. The double bass is the only modern bowed string instrument that is tuned in fourths', 'Fine Double Bass', 165000);
INSERT INTO webshop.product (id, description, name, price) VALUES (5, 'Today, the oboe is commonly used as orchestral or solo instrument in symphony orchestras, concert bands and chamber ensembles. The oboe is especially used in classical music, film music, some genres of folk music, and is occasionally heard in jazz.', 'Renewed oboe', 65000);
INSERT INTO webshop.product (id, description, name, price) VALUES (6, 'as the name would suggest, the bass member of the woodwind family, and by far the largest, especially its lower-pitched relation, the extremely bulky double or contra-bassoon. Like the oboe, it is a double-reed instrument.', 'Black Basson', 115000);
INSERT INTO webshop.product (id, description, name, price) VALUES (7, 'one of the most ancient of all instruments. Played horizontally via a series of valves on the top of the instrument which are opened and closed in various combinations to create different pitches.', 'Trumpet', 185000);
INSERT INTO webshop.product (id, description, name, price) VALUES (8, 'Classical guitar pack with tuner and nylon cover, 100 Series. Guitar with a Linden body and top and Maple neck all finished in gloss finish. Ebonized fingerboard and bridge. Black body and neck binding. Size: 3/4. Finish: Natural', 'Valencia VC103 3/4 Natural', 250);
INSERT INTO webshop.product (id, description, name, price) VALUES (9, 'Electric guitar from ESP LTD. The LTD Black Metal Series are guitars that are comparable in build quality to our LTD Deluxe “1000 Series” instruments, but with a dark and menacing design theme of all-black finish, components, and hardware.', 'ESP LTD Arrow Black Metal', 300);
INSERT INTO webshop.product (id, description, name, price) VALUES (10, 'Stage-worthy electro-acoustic guitar with dreadnought body shape and soft Venetian cutaway that delivers plenty of volume and rich, full sound, ideal for all-around players and any playing style.', 'Takamine GD30CE Black', 300);
INSERT INTO webshop.product (id, description, name, price) VALUES (11, 'G5420LH Electromatic® Classic Hollow Body Single-Cut features a laminated maple body with vintage-inspired perimeters and refined arches, as well as all-new trestle block bracing to help reduce unwanted feedback.', 'Gretsch G5420LH Electromatic SC LRL Orange Stain', 500);
INSERT INTO webshop.product (id, description, name, price) VALUES (12, 'Powered by a Player Plus PJ pickup set, the Player Plus Precision Bass® delivers the punch and growl that defines Fender bass tone. A 3-band active EQ provides precise tone shaping with switchable active/passive operation for ultimate flexibility.', 'Fender Player Plus Precision Bass PF 3-Color Sunburst', 600);
INSERT INTO webshop.product (id, description, name, price) VALUES (13, 'The Ultra-Light is the smallest, lightest, full-scale travel bassguitar on the market. Its proprietary In-Body Tuning System uses standard tuning machines relocated into the body, eliminating the need for a headstock.', 'Traveler Guitar Ultra Light Bass Natural', 550);
INSERT INTO webshop.product (id, description, name, price) VALUES (14, 'The SRF700 from Ibanez is an electric, fretless bass guitar from the SR series. The instrument is one of the traditional models of the Ibanez brand with a characteristic body shape, which offers you great control and incredible sound.', 'Ibanez SRF700-BBF Brown Burst Flat', 380);
INSERT INTO webshop.product (id, description, name, price) VALUES (15, 'Acoustic four-string fretless bass guitar RockBass Alien Standard with pre-marked lines and Solid Black Satin finish. The individual parts of the bass guitar are made of quality spruce, agathis, mahogany and ebony wood.', 'Warwick RockBass Alien Standard FL Black', 299);
INSERT INTO webshop.product (id, description, name, price) VALUES (16, 'Offers the perfect synergy between traditional accordion playability and modern digital power and is jam-packed with features and enhancements developed with input from the world’s top players.', 'Roland FR-8x Black Piano accordion', 5000);
INSERT INTO webshop.product (id, description, name, price) VALUES (17, 'Irish Bouzouki. This instrument has a solid spruce top and walnut back and sides. The maple neck has 24 nickel silver frets with 0-fret and the scale legth is 660 mm.', 'VGS 513970 IR 8 Bouzouki', 2500);
INSERT INTO webshop.product (id, description, name, price) VALUES (18, 'Ethnic pipe called Irish whistle in the key of high D with six holes. The instrument is made of ABS resin in two-piece construction that allows for easy cleaning and tuning. Matt Black colour design.', 'Yamakawa SI-922 Ethnic whistle', 3);
INSERT INTO webshop.product (id, description, name, price) VALUES (19, '21-string psaltery. The front part is made of spruce and the back of maple wood.', 'Hora D1004 21 Psalters', 280);
INSERT INTO webshop.product (id, description, name, price) VALUES (20, 'Child 5-piece drum-kit including cymbals and chairs. It consists of 16" big drum, 6" and 8" Tom, 10" Floor Tom, 10" small drum, 8" Hi-Hat and 10" Crash cymbal. ', 'Stagg Tim Jr 5/16B Junior Drum Set Black Black', 299);
INSERT INTO webshop.product (id, description, name, price) VALUES (21, 'Snare drum from Tama Starclassic Maple series. In the ''80s TAMA''s Superstars and Imperialstars reigned supreme - the perfect drums for the times.', 'Tama MRS1455-CCL Starclassic Maple 14" Charcoal Swirl', 69);
INSERT INTO webshop.product (id, description, name, price) VALUES (22, 'When you’re serious about drumming, you need a kit to match your ambition. The V-Drums TD-17 series lets your technique shine through, backed up with training tools to push you further.', 'Roland TD-17KVX', 1799);
INSERT INTO webshop.product (id, description, name, price) VALUES (23, 'From the stage to the recording studio, the TAMA LSP32CS-TWS S.L.P. Fat Spruce shell pack excels wherever you need a fat, resonant drum sound with solid mids and a natural, pure tone.', 'Tama MA32CZS-FBK Starclassic Maple Flat Black', 2999);
INSERT INTO webshop.product (id, description, name, price) VALUES (24, 'Versatile arranger keyboard with 61 velocity-sensitive keys that was designed for musicians needing professional sounds and authentic backing styles from all over the world. ', 'Roland E-A7', 1657);

INSERT INTO webshop.image (id, file_path, file_size, media_type, original_file_name, product_id) VALUES (1, 'https://res.cloudinary.com/dyacsfxsx/image/authenticated/s--KSEvDOir--/v1662024032/17588294_Viola_and_bow_dkiafp_lhac6l.webp', 133112, 'image/webp', '17588294_Viola_and_bow_dkiafp.webp', 1);
INSERT INTO webshop.image (id, file_path, file_size, media_type, original_file_name, product_id) VALUES (3, 'https://res.cloudinary.com/dyacsfxsx/image/authenticated/s--jbRQoFRM--/v1662024923/800px-AGK_bass1_full_plefk8.jpg', 81150, 'image/jpeg', '800px-AGK_bass1_full.jpg', 3);
INSERT INTO webshop.image (id, file_path, file_size, media_type, original_file_name, product_id) VALUES (5, 'https://res.cloudinary.com/dyacsfxsx/image/authenticated/s--Z6xN9AB4--/v1662025513/klarin_t_rkibko.jpg', 89122, 'image/jpeg', 'klarinét.jpg', 5);
INSERT INTO webshop.image (id, file_path, file_size, media_type, original_file_name, product_id) VALUES (6, 'https://res.cloudinary.com/dyacsfxsx/image/authenticated/s--eoIxxRY0--/v1662025726/9842376_800_jaohh3.jpg', 13048, 'image/jpeg', '9842376_800.jpg', 6);
INSERT INTO webshop.image (id, file_path, file_size, media_type, original_file_name, product_id) VALUES (7, 'https://res.cloudinary.com/dyacsfxsx/image/authenticated/s--O7fmdsxP--/v1662025920/trumpet-sullivan-tt100-golden-b-flat-with-case_ulywdu.jpg', 44764, 'image/jpeg', 'trumpet-sullivan-tt100-golden-b-flat-with-case.jpg', 7);
INSERT INTO webshop.image (id, file_path, file_size, media_type, original_file_name, product_id) VALUES (8, 'https://res.cloudinary.com/dyacsfxsx/image/authenticated/s--KaXagsni--/v1662051433/guitar1_ksqxrb.jpg', 79780, 'image/jpeg', 'guitar1.jpg', 8);
INSERT INTO webshop.image (id, file_path, file_size, media_type, original_file_name, product_id) VALUES (9, 'https://res.cloudinary.com/dyacsfxsx/image/authenticated/s--IpAbA0qN--/v1662051497/guitar2_pxkahj.jpg', 49071, 'image/jpeg', 'guitar2.jpg', 9);
INSERT INTO webshop.image (id, file_path, file_size, media_type, original_file_name, product_id) VALUES (10, 'https://res.cloudinary.com/dyacsfxsx/image/authenticated/s--xQrngaEi--/v1662051613/guitar3_xmbrtz.jpg', 38818, 'image/jpeg', 'guitar3.jpg', 10);
INSERT INTO webshop.image (id, file_path, file_size, media_type, original_file_name, product_id) VALUES (11, 'https://res.cloudinary.com/dyacsfxsx/image/authenticated/s---BASYsM2--/v1662051648/guitar4_adyubo.jpg', 83702, 'image/jpeg', 'guitar4.jpg', 11);
INSERT INTO webshop.image (id, file_path, file_size, media_type, original_file_name, product_id) VALUES (12, 'https://res.cloudinary.com/dyacsfxsx/image/authenticated/s--vn1ghcbJ--/v1662051853/bass1_be5vzt.jpg', 137358, 'image/jpeg', 'bass1.jpg', 12);
INSERT INTO webshop.image (id, file_path, file_size, media_type, original_file_name, product_id) VALUES (13, 'https://res.cloudinary.com/dyacsfxsx/image/authenticated/s--dceqnZOo--/v1662051895/bass2_het2lv.jpg', 12478, 'image/jpeg', 'bass2.jpg', 13);
INSERT INTO webshop.image (id, file_path, file_size, media_type, original_file_name, product_id) VALUES (14, 'https://res.cloudinary.com/dyacsfxsx/image/authenticated/s--om86mTm5--/v1662051931/bass3_dwebtn.jpg', 99884, 'image/jpeg', 'bass3.jpg', 14);
INSERT INTO webshop.image (id, file_path, file_size, media_type, original_file_name, product_id) VALUES (15, 'https://res.cloudinary.com/dyacsfxsx/image/authenticated/s--3F04cfH4--/v1662051961/bass4_w9puho.jpg', 37283, 'image/jpeg', 'bass4.jpg', 15);
INSERT INTO webshop.image (id, file_path, file_size, media_type, original_file_name, product_id) VALUES (16, 'https://res.cloudinary.com/dyacsfxsx/image/authenticated/s--BG6a_EKg--/v1662056765/traditional_1_w7z0jp.jpg', 57226, 'image/jpeg', 'traditional 1.jpg', 16);
INSERT INTO webshop.image (id, file_path, file_size, media_type, original_file_name, product_id) VALUES (17, 'https://res.cloudinary.com/dyacsfxsx/image/authenticated/s--mIr1a5Mh--/v1662056952/traditonal2_mtwibn.jpg', 6638, 'image/jpeg', 'traditonal2.jpg', 17);
INSERT INTO webshop.image (id, file_path, file_size, media_type, original_file_name, product_id) VALUES (18, 'https://res.cloudinary.com/dyacsfxsx/image/authenticated/s--7DHmnfiY--/v1662057060/traditional3_ppre0r.jpg', 8432, 'image/jpeg', 'traditional3.jpg', 18);
INSERT INTO webshop.image (id, file_path, file_size, media_type, original_file_name, product_id) VALUES (19, 'https://res.cloudinary.com/dyacsfxsx/image/authenticated/s--pavFLLXM--/v1662057124/traditional4_bgmdrs.jpg', 17448, 'image/jpeg', 'traditional4.jpg', 19);
INSERT INTO webshop.image (id, file_path, file_size, media_type, original_file_name, product_id) VALUES (20, 'https://res.cloudinary.com/dyacsfxsx/image/authenticated/s--_0fUak1y--/v1662063366/drums1_segnnd.jpg', 35285, 'image/jpeg', 'drums1.jpg', 20);
INSERT INTO webshop.image (id, file_path, file_size, media_type, original_file_name, product_id) VALUES (21, 'https://res.cloudinary.com/dyacsfxsx/image/authenticated/s--fSe6cvEl--/v1662063474/drums2_zx1boz.jpg', 57229, 'image/jpeg', 'drums2.jpg', 21);
INSERT INTO webshop.image (id, file_path, file_size, media_type, original_file_name, product_id) VALUES (22, 'https://res.cloudinary.com/dyacsfxsx/image/authenticated/s--ZbA7LwDe--/v1662063580/drums3_uuq9yq.jpg', 30851, 'image/jpeg', 'drums3.jpg', 22);
INSERT INTO webshop.image (id, file_path, file_size, media_type, original_file_name, product_id) VALUES (23, 'https://res.cloudinary.com/dyacsfxsx/image/authenticated/s--_S4ljPQf--/v1662063815/drums5_bd9d5q.jpg', 29439, 'image/jpeg', 'drums5.jpg', 23);
INSERT INTO webshop.image (id, file_path, file_size, media_type, original_file_name, product_id) VALUES (24, 'https://res.cloudinary.com/dyacsfxsx/image/authenticated/s--9hgDC8oD--/v1662064079/keys_1_p2yy63.jpg', 54974, 'image/jpeg', 'keys 1.jpg', 24);

INSERT INTO webshop.product_category (product_id, category_id) VALUES (1, 6);
INSERT INTO webshop.product_category (product_id, category_id) VALUES (3, 6);
INSERT INTO webshop.product_category (product_id, category_id) VALUES (5, 1);
INSERT INTO webshop.product_category (product_id, category_id) VALUES (6, 1);
INSERT INTO webshop.product_category (product_id, category_id) VALUES (7, 2);
INSERT INTO webshop.product_category (product_id, category_id) VALUES (8, 5);
INSERT INTO webshop.product_category (product_id, category_id) VALUES (9, 5);
INSERT INTO webshop.product_category (product_id, category_id) VALUES (10, 5);
INSERT INTO webshop.product_category (product_id, category_id) VALUES (11, 5);
INSERT INTO webshop.product_category (product_id, category_id) VALUES (12, 2);
INSERT INTO webshop.product_category (product_id, category_id) VALUES (13, 2);
INSERT INTO webshop.product_category (product_id, category_id) VALUES (14, 2);
INSERT INTO webshop.product_category (product_id, category_id) VALUES (15, 2);
INSERT INTO webshop.product_category (product_id, category_id) VALUES (16, 14);
INSERT INTO webshop.product_category (product_id, category_id) VALUES (17, 14);
INSERT INTO webshop.product_category (product_id, category_id) VALUES (18, 14);
INSERT INTO webshop.product_category (product_id, category_id) VALUES (19, 14);
INSERT INTO webshop.product_category (product_id, category_id) VALUES (20, 3);
INSERT INTO webshop.product_category (product_id, category_id) VALUES (21, 3);
INSERT INTO webshop.product_category (product_id, category_id) VALUES (22, 3);
INSERT INTO webshop.product_category (product_id, category_id) VALUES (23, 3);
INSERT INTO webshop.product_category (product_id, category_id) VALUES (24, 4);
